visitor_id,Paths_journey
00000FkCnDfDDf0iC97iC703B,Start > Instagram > Facebook > Conversion
0000nACkD9nFkBBDECD3ki00E,Start > Youtube > Conversion
0003EfE37E93D0BC03iBhBBhF,Start > Youtube > Conversion
00073CFE3FoFCn70fBhB3kfon,Start > Instagram > NULL
00079hhBkDF3k3kDkiFi9EFAD,Start > Youtube > Conversion
0007iiAiFh3ifoo9Ehn3ABB0F,Start > Instagram > Facebook > Conversion
0007o0nfoh9o79DDfD7DAiEnE,Start > Facebook > Conversion
0007oEBhnoF97AoEE3BCkFnhB,Start > Youtube > Conversion
00090n9EBBEkA000C7Cik999D,Start > Facebook > Conversion
000A9AfDohfiBAFB0FDf3kDEE,Start > Youtube > NULL
000ADEAB7fBin9fEoFFnAohi9,Start > Facebook > Youtube > NULL
000Afi9i930kBkA9EhBDDi9B7,Start > Youtube > Conversion
000BA9hECi3BiBkAifAA7ifA7,Start > Facebook > NULL
000C9BiBFhoFhC7noEFAA7no7,Start > Youtube > Conversion
000C9f9DnCfoDF03BnfFAEFFC,Start > Youtube > Facebook > Instagram > Conversion
000CBnkoBDkkfofFh3A3EBFDk,Start > Instagram > NULL
000Ch3F0DnD0hBk9fFh3hAiki,Start > Youtube > NULL
000ChDfhfD30FniFBAfo3D73C,Start > Youtube > Conversion
000Ck9AkfhnBE33ECoC030F0n,Start > Youtube > Conversion
000D9CBi0Bok9FFF0nAA0FCAi,Start > Youtube > NULL
000DBnhEF0kF0ono0D0F3kCC0,Start > Instagram > Facebook > Conversion
000DfAofCDDi30hhkfDok3o3B,Start > Youtube > NULL
000E3n77koFkDC3CBAA7nEhnC,Start > Facebook > NULL
000ECDfBnAAD0Diok7D9iEECh,Start > Youtube > NULL
000EEBhoB9kfD73oAiA7AD0Dk,Start > Instagram > NULL
000Ek3DkDn7AEn77BkiADEEAF,Start > Facebook > NULL
000Eo7C3n93Dhf9AEn3FFoCAf,Start > Youtube > NULL
000FDk9hFoDoBCnCkD9fDF3D3,Start > Youtube > NULL
000Fh09B3BkknfnCCAFf9fCAA,Start > Facebook > NULL
000f0nF77Afhf9ho7Aiff0Chh,Start > Youtube > Conversion
000fCfBEk7Ci39iDAn07A3inE,Start > Instagram > NULL
000ffDFE0f7D9F0hCf37hDfBo,Start > Youtube > NULL
000ffEnBE079A3B0f0oBi9khE,Start > Youtube > NULL
000fhi3BhoFoECEkCECkB7iDk,Start > Youtube > Conversion
000h3n9nC0hFhE3CCnkkAof7n,Start > Facebook > Conversion
000hBihC9o30A9fi7BhFDnhn0,Start > Youtube > Facebook > Conversion
000hCBnCB7oi7ADAEnEBCnBEE,Start > Youtube > Instagram > Conversion
000honBFhkFk7i99Af70CBDDA,Start > Youtube > NULL
000i03E3BDfh0hk9Ahn0f7oAD,Start > Youtube > NULL
000iBADEfCkiok99f79ffAADh,Start > Youtube > Facebook > Conversion
000iknF9no7B0nhhk9AEAFDDF,Start > Facebook > Conversion
000kBC7nCfAnfBonk7fCFD0hB,Start > Youtube > NULL
000kFiECFDA030i9B37E9oCBi,Start > Youtube > NULL
000kfo3A7h0B3FkCi999FA3FA,Start > Facebook > Conversion
000kiDB3D0fCfDAohCDB3ohko,Start > Facebook > Conversion
000kofk7BkBAEhB7k9o9iEC00,Start > Youtube > NULL
000n73fiCkA0oA3Fhhf9EFDf3,Start > Facebook > NULL
000n7hAFhAfAE9Bi70fEnCBfh,Start > Facebook > Conversion
000nFCC0h0F9A9AhF7Aof3kEo,Start > Youtube > Conversion
000o3iC0nhBo7oAFk7Ck070kn,Start > Youtube > NULL
000o9iFkno739k3no9CCCBC0F,Start > Youtube > NULL
000oAi09F00D7kB9h9fifh7Fi,Start > Instagram > NULL
0030DoC7kh039hf9noEnC3770,Start > Facebook > NULL
0030F0fDEkoDBi3hE0hnfBBiC,Start > Facebook > Instagram > Conversion
0030hifk3fE9fDiCAFD7BCfi0,Start > Youtube > NULL
0033Akffn7C737ChCo9DnkoDo,Start > Instagram > Conversion
0033CAi9nhFf0DAA7DDCC3FAn,Start > Youtube > Conversion
0033oBiDhi0i3iFkD9kkBBih7,Start > Youtube > Facebook > NULL
0037773AB7kDkEBoCE9hFDonB,Start > Youtube > NULL
0037D7FiF0kfkk0Ff7DDF7Eoh,Start > Youtube > Instagram > Facebook > Conversion
0037k0CoDkDEkABEBhkhnnEoh,Start > Facebook > NULL
0037ko7739kCfDfoiEFfi0okh,Start > Youtube > Conversion
0037nhikok99kB0nkDniFh7Eh,Start > Facebook > NULL
0037ok3iD0h3kkEDCB0nk9iko,Start > Youtube > Facebook > Conversion
003990Dn9fAo0B0EkoAkoh7i3,Start > Youtube > Facebook > NULL
0039Bk0Dnn9ABnh7F37f3B9ff,Start > Facebook > NULL
0039C7f0F70fh9ni0AiiBhkDo,Start > Facebook > NULL
0039FiDn93nnhC7BBkh3hFn33,Start > Facebook > NULL
0039hAEFAhA3BCB3oAAfi7hDo,Start > Instagram > Conversion
0039k3779iAhEDi9C9noAfohi,Start > Youtube > NULL
003ACfff0knf73nhiFn9hfnni,Start > Youtube > NULL
003Aif9oE7Bo3iCnDE9A0DnAo,Start > Facebook > NULL
003B0Ao7A0ko9E3f7fo99iDAf,Start > Facebook > NULL
003B309ifDDnBo77khE3ohEhA,Start > Youtube > NULL
003BF9BEC977DA9o0C7EEoF7o,Start > Youtube > Conversion
003CCF0Fo3Ffhfn7nfhDoDhBA,Start > Youtube > NULL
003CnEfCB9E39BFFn37okiho0,Start > Facebook > NULL
003D9ofD9ioEkEk977DfiAki7,Start > Facebook > NULL
003DAi9n0FAno77k339ih3E99,Start > Youtube > NULL
003DDEfE3fnCo970C0oC7n30A,Start > Youtube > Conversion
003DEAoDo39D7kEk97Ahnh709,Start > Facebook > NULL
003DnB3FCFF7h7kF93EB0Bnnf,Start > Facebook > Youtube > NULL
003EE0D0iDBD9hFCfAnEEoAhf,Start > Facebook > Instagram > NULL
003EFBAEn7BEoii00A7fi9797,Start > Facebook > NULL
003Ei33fBA0iD79E7hnkEoAC0,Start > Youtube > NULL
003EifBEffnChkhDf9BiEEfoh,Start > Facebook > Conversion
003FBikADDh07DFhnffAFhFiC,Start > Facebook > Instagram > Youtube > Conversion
003FDfkFo9hiADD0iCohDEDoB,Start > Instagram > Conversion
003FfkFABioiFE930fi93hkCD,Start > Facebook > NULL
003FiBChh7AiiiB7EiEBkEihF,Start > Youtube > Conversion
003FnD7i3fAnFFAho37o0knno,Start > Youtube > NULL
003f0F9k3737BiFoBn33DnEi0,Start > Instagram > NULL
003f0nhfn7kFB0AEoBh3CoCkk,Start > Youtube > NULL
003fhDDko9Bkfn0iEf3EkEDEB,Start > Facebook > NULL
003h0of0Bknh93nBk3EfAk0Bf,Start > Youtube > NULL
003h797E7CD03nAfD3i0hF7nn,Start > Facebook > NULL
003h9o0F90Fo7iE0CCEAfBoC3,Start > Youtube > NULL
003hhiiCinfACA9i0AfEADoko,Start > Youtube > NULL
003hiFAhBfFh0iBikFCf9iB7i,Start > Facebook > Conversion
003i090k9h3EhkA7A7iDoCh0E,Start > Youtube > Facebook > Conversion
003iB9Bk33EA3nfAA9i73niki,Start > Facebook > Instagram > Conversion
003iBfh0nnn33fi0kAEhkFEBA,Start > Facebook > Conversion
003iBh0CChn9EEoEffh3Fhh99,Start > Facebook > NULL
003iE33noD0EC99nfBBF3CFC9,Start > Facebook > NULL
003ihhD0B7E90Ak3EnAfhfFA0,Start > Youtube > NULL
003ikFkiiEf0CEhkf90FFBB0i,Start > Youtube > Facebook > NULL
003in997kC3h37EACDkoinCff,Start > Instagram > NULL
003kF9E3A9AB0FDonAEDhDnkC,Start > Instagram > Youtube > NULL
003kf3Dh0h0Ch79EBBEh3k97D,Start > Youtube > Conversion
003kkD9f9kh0n733hh3h07iF9,Start > Youtube > NULL
003nA9kD0hD7F3fh9C33DnACo,Start > Youtube > Instagram > Facebook > NULL
003nEE770kB9o9F9CBCBo9FAB,Start > Facebook > Conversion
003o7o773iFknEkf9CDi7nC9B,Start > Instagram > Facebook > Conversion
003o9fDnifiFnDoB0ono7fCoC,Start > Instagram > NULL
003oBEDkiDfikhDo9EohhC70F,Start > Youtube > NULL
003oDEAf7fAiDkBDiDhC3i700,Start > Youtube > NULL
007099ihnFoAFooFACfkC9DiA,Start > Youtube > NULL
00733nn0EBAoo3nC97oo9iDAE,Start > Facebook > NULL
00770o9hCAnDikohoCiFDnCoC,Start > Instagram > Facebook > Conversion
00779nCC07CoF9DinCEFknAn3,Start > Facebook > Youtube > Instagram > Conversion
0077ACiEFhFCoB90o7oiA7kDE,Start > Facebook > Instagram > NULL
0077D00DB7EnEAo0AhCBFhf3A,Start > Facebook > Instagram > Conversion
0077FioEhEoii99BBhfDB0EA0,Start > Youtube > Conversion
0077FkEo0no3DFhf0CE09fokk,Start > Youtube > Conversion
0079CAChkD70iinEnkE9kE0DE,Start > Instagram > Facebook > Conversion
0079hDD9Fhio993n9Bf0fBBko,Start > Youtube > NULL
0079iBF9okFo9C0knno7F7nfC,Start > Facebook > NULL
0079okACDCofB9fDDhkE3kkB3,Start > Youtube > Conversion
007AnkF9f7iBCk07C9o9oi0k9,Start > Facebook > NULL
007Ao7f3BiB97o079kCFhoho3,Start > Facebook > NULL
007Bo9fni9hFfDBDD33Fk7DBf,Start > Facebook > Conversion
007BoF0hhn3A90FAFEfDD3BiA,Start > Youtube > NULL
007C0fD7ohfkh399DkACkA99A,Start > Facebook > NULL
007C0i3CBFFEffhEiBEF3nCCh,Start > Youtube > Conversion
007C33CkFF3fAEoDkoiF9E9o9,Start > Facebook > NULL
007C99Ak333DA03ni9ikk3CBD,Start > Instagram > NULL
007C9fAk3CF7ko3EECkCfBFCE,Start > Facebook > Conversion
007CC9FnC7hAEEhhiBCkBBDoF,Start > Youtube > NULL
007CDAonk7Bfn7kBfFhifF3C3,Start > Instagram > Facebook > NULL
007DD9BfDki0CBikk3hCf00nF,Start > Youtube > NULL
007DhEFCkBBiDE3kBnEC3DDii,Start > Youtube > NULL
007E0BkCnn0E37nBEkFE3DDDo,Start > Youtube > NULL
007E7Fno3E00D97iFA90fo90k,Start > Facebook > Youtube > NULL
007F0BonfkFnoEiFCh0iDkoBn,Start > Youtube > NULL
007F9A3f7B03iB9fi7FnnFFkD,Start > Youtube > Conversion
007FF97kFn7hAoii7Fk03kBDo,Start > Instagram > Facebook > Conversion
007Ff9DAh7FhhEi7CBBh0fBCC,Start > Instagram > Facebook > Conversion
007fDEFoBC7fh0Di7hn39CAkh,Start > Facebook > Youtube > NULL
007fDoE0n070BCnCkBhh7FBEo,Start > Youtube > NULL
007fihhDBCf3nC9hoCiCh7f0D,Start > Youtube > Conversion
007h9f7h7iofokoDiAAhBBkDC,Start > Facebook > NULL
007hCoB3nFC3f3Ek9iikCfBhh,Start > Facebook > NULL
007hf3ADhhoFFoCD3BDkDAhn7,Start > Youtube > NULL
007i37F07EnDCkfk97ff9A0Cf,Start > Youtube > NULL
007i39FBfkn0f03Ff0onoEf30,Start > Facebook > NULL
007iD3373kiDFAE0oh97h703D,Start > Youtube > Conversion
007iEEkhkfn0C7EoDkfDnkohA,Start > Youtube > Conversion
007inkEBf7CFC7FCkEAhAA39o,Start > Youtube > NULL
007inof7n9h7CB9oF3C3B9D7k,Start > Facebook > NULL
007kEE7o70fD3k9FfiEhAECi0,Start > Youtube > NULL
007khDF9n3iCE0oChk3B9fCCo,Start > Instagram > Facebook > NULL
007kiho93030ninnh9n9773h9,Start > Youtube > Facebook > NULL
007nCAE3i0EBhEkiC3C93FEnA,Start > Facebook > NULL
007nfhk9iADhFF7ioC3inFAon,Start > Youtube > NULL
007nfoihC79f9fBkiFoin37C3,Start > Youtube > NULL
007ni9fnCi7fB099FCEFhCnCo,Start > Facebook > Conversion
007nn3ho9k7FC7B0n0FA9BhDF,Start > Youtube > Facebook > NULL
007o3F0A0fn0D9fD7FFBA7CD9,Start > Facebook > NULL
007o70A09f03CBB0AFF9FD737,Start > Youtube > NULL
007oAn0Ao3DnifAFf7oiEfC00,Start > Facebook > NULL
007oifii7i9fDn33noE9FoCE3,Start > Youtube > Facebook > NULL
007okfADfF0n00AifnokhAkiE,Start > Youtube > NULL
009009FfE3BoCD0Fif3Do00if,Start > Youtube > NULL
0090Bffn0FfiEA09Bhio3E3kh,Start > Youtube > NULL
0090CB3EnE9kBonEoh03C9BEA,Start > Youtube > NULL
009307fBDf7fCA3ChA7DEAh9F,Start > Youtube > NULL
0093Ahi9CDn7ED7Ehh9DD7Bni,Start > Youtube > NULL
0093DABFFCCEf9EFBihkFBfDh,Start > Youtube > NULL
0093nDF3k0n7BnF9BDE0E00kh,Start > Facebook > NULL
0099BDf093h0ko9AnAB79h7hE,Start > Facebook > NULL
0099Bh0AkC7hk09077E0iE97k,Start > Youtube > NULL
0099CCif7kf79E00knB7kkBnk,Start > Instagram > NULL
009A7FoE3hnok9Fh93fnin393,Start > Facebook > NULL
009A9Ei7i9k9nio3hF099f9kE,Start > Youtube > NULL
009A9iA0FfnoBhACi79oC7Ahf,Start > Youtube > NULL
009ABo9BC37A7ionE7i0nkEiC,Start > Facebook > NULL
009ADknAhE7FoBiDoFCBDin0h,Start > Facebook > NULL
009AFB9fiFfhEB3nEfDok9hDA,Start > Facebook > Instagram > NULL
009B3hhBfAfhDCEEFEnB9ABBB,Start > Youtube > Conversion
009BBEo3iCADDEABfC9k737nD,Start > Youtube > NULL
009BCFh3oE0393o93AioADA3n,Start > Facebook > NULL
009BiAE9FB300A3BEkFDB99EE,Start > Youtube > NULL
009BiB77hn3DiioFCihifDD7D,Start > Youtube > NULL
009BoBAfEfBiik0kffEnF9DA0,Start > Facebook > NULL
009CD03FCkDfAiEoo7EBh7ohn,Start > Facebook > NULL
009CDF7hCFBkkAiFD7hDDC0Eh,Start > Youtube > NULL
009CEBDoo7nE7C7FD9FBDkCDD,Start > Facebook > NULL
009CnConCEDA9n9CoFnEBooD9,Start > Youtube > NULL
009Co0C33Cf0khDBnFiEDik3D,Start > Instagram > NULL
009D7n090hFnDiBoo33nAoD3h,Start > Youtube > NULL
009E39nkAEFADiif7oFCiB7iC,Start > Facebook > Youtube > NULL
009EA9Ekk3kkC3oCC0C0k3EEo,Start > Youtube > Conversion
009EBk7Fn7ofk7ChnDio0BiDD,Start > Facebook > Youtube > NULL
009ECD79iEDFffkko0CE7nD0E,Start > Facebook > Instagram > NULL
009FEAninEFii39CB0A3BoDfC,Start > Youtube > NULL
009Fhh9FE0n33AoFA730A7990,Start > Youtube > NULL
009FhoBohiE3A9E9o0B9E90Fo,Start > Facebook > NULL
009FnDAFo0AikiiFiCDAhDfhi,Start > Youtube > NULL
009Fon9kE9kk7f3BAEfD309ho,Start > Facebook > NULL
009f0AB09F7onnnC7Fk9ohA97,Start > Facebook > Conversion
009ffkfAihBB3nDnk3E99937F,Start > Facebook > NULL
009h3AEFiDf7Df7AB77DhEoEf,Start > Facebook > NULL
009h73FD3hfhEkkEDoD3FiA3F,Start > Youtube > NULL
009hDCo09Cik7nC779hFEfoh9,Start > Youtube > NULL
009hfAAf9FfnCBnDABkiC0n3F,Start > Youtube > Facebook > NULL
009hhE3fBACh3793D9iDnoFBo,Start > Instagram > Facebook > NULL
009hhnnD0oEnC39hhC7CfnC3o,Start > Facebook > Instagram > NULL
009i3CAEho999hAhCD0oF0k90,Start > Youtube > Facebook > Instagram > NULL
009iBFD0ofEEB7DkkC73F73ff,Start > Facebook > NULL
009ifkhC000Eh03An3FiBoChk,Start > Facebook > NULL
009ikBfDFkD3io9kFin7kknFA,Start > Youtube > Facebook > NULL
009k7kBBFnii0kD0in7hhikn3,Start > Facebook > Instagram > Conversion
009kCo3fniF0BnAfFBF9F3FCi,Start > Instagram > Facebook > NULL
009khiiohA9n3Doh7oCki7Dik,Start > Facebook > Youtube > Conversion
009n0kkk9Ff0EhDE0nf9k9D03,Start > Youtube > Conversion
009nEDDE73EBn99iBFoA7BkkF,Start > Facebook > NULL
009nffF37F9iiEonEDDiDAC3n,Start > Instagram > Facebook > NULL
009noB0f9oh3AAAnD90f3AFnD,Start > Facebook > Conversion
00A07Dk3B90h30iifonk9C0hC,Start > Youtube > Facebook > Instagram > NULL
00A09CCnoi97FhFEnCf7ikiDC,Start > Instagram > Conversion
00A0EEnfhF0iC33DAiBF7ACB3,Start > Facebook > NULL
00A0nhBCA793fADnn3DDDCfhC,Start > TikTok > Conversion
00A303n03ofhBkAfon3E37okh,Start > TikTok > Conversion
00A30F7ikh0FoDD9fhA3h3DFF,Start > Facebook > NULL
00A3FfBik77FE0D9f97Dh03Bi,Start > Youtube > NULL
00A3fFCDii90CBfD00393i0FC,Start > Instagram > NULL
00A3k37ChhBADECo0EkooChkF,Start > Facebook > Conversion
00A3kDniECh9CA3CAADkFkAhi,Start > Instagram > NULL
00A3nCnfifhiDh0B90FEFA3k9,Start > Facebook > NULL
00A7BnBnEE9F9AkAnfE9oEif9,Start > Facebook > NULL
00A7DC3ffoo7fFhE0BhoCD777,Start > Facebook > Conversion
00A7hDA7FonoohCFF0ikAoA7D,Start > Facebook > NULL
00A9Dh3EDDCCi9ih0DA7fkh3f,Start > Youtube > NULL
00A9kAE9C7k37iFoDCBkEiE3i,Start > Youtube > NULL
00AA7fooE7707f9D7FDhoBf7F,Start > TikTok > Youtube > Conversion
00AAihkh39k93AEoE3BCko33C,Start > Facebook > Instagram > NULL
00AAin7fB0oBF9oDfEn9oEAoo,Start > Youtube > Conversion
00AB09CiF7DBni03i99kEBEoh,Start > Youtube > NULL
00ABA9k7ooAiFhEnkF7EoCA09,Start > Youtube > NULL
00ABABDi7n0BA0if9F3h3CknC,Start > Facebook > NULL
00ABBk3f37EB99739okCDCBAA,Start > Youtube > NULL
00ACnCkFo3DEB7nnEDFnk77oA,Start > Facebook > Instagram > NULL
00ACoBn3nCoD3iBh0fCB0Ci3D,Start > Youtube > NULL
00ADnBD9B979fE0fnoB9CA0E9,Start > Youtube > Conversion
00ADokf7DiCADoC9n0DBCiDBD,Start > Facebook > Instagram > NULL
00Af379h79CF3C3n7A0EAkF70,Start > TikTok > Conversion
00AffF0BA90fiFnEEEofFiohi,Start > Instagram > NULL
00Afh07Cih0FhiF7k9nCBD3Ak,Start > Facebook > NULL
00Afi7non3F97AiD9okCEDEh7,Start > Youtube > Conversion
00Afk33i7oiDohFEBDfCon7F9,Start > Instagram > NULL
00Ah9A7EFE393iB7kA9fEfiEF,Start > Youtube > NULL
00AhBDFkChE9f30AffCBEAkhi,Start > Facebook > NULL
00AhC9inh7iFACoEED7on09EC,Start > Facebook > NULL
00AhDnDD0FAiFCh7BhCEhoh0A,Start > Youtube > Facebook > TikTok > Conversion
00Ai3f3Ch3D9B9nnfDiEC0fA7,Start > TikTok > Facebook > Youtube > Instagram > Conversion
00AiBfhk3ACChBhhfiBh9BC9C,Start > Youtube > NULL
00AikFCoACkFBEEBo7ki3FFEA,Start > Youtube > NULL
00AkoAFhinoDo73Bh7nAD9iBD,Start > Youtube > NULL
00AnAhEEFFDk03hBiDi7BifEn,Start > Youtube > NULL
00AnBn09fnEDiBkh9FE07ABnE,Start > Youtube > NULL
00Ao009ADkAAhoohn9oCiAfA0,Start > Instagram > Facebook > Conversion
00Ao0EkBEkinBf9F3B9BkoCCo,Start > Youtube > NULL
00Ao3FoEf9iC7hn9CEnk0hoEk,Start > Youtube > NULL
00AoDE9oBDDk99ED30D77BhAi,Start > Instagram > NULL
00AoFBnfAinAiiff9BAoEE793,Start > Youtube > Facebook > NULL
00AoFo0f9FiDi9ChfABD0FC0C,Start > Youtube > NULL
00AoiECk9ofF9fC907on793n7,Start > Facebook > Conversion
00B00Df7o7kknDBCFB0h9EC0A,Start > Youtube > Facebook > NULL
00B09BfCnB9Ck3fB9739FnDk7,Start > Facebook > NULL
00B09nB979hA7BD9f0FB379Do,Start > Instagram > Facebook > NULL
00B0BoADACf7Foh7339kBhiDC,Start > Youtube > Conversion
00B39Ahokk7oDAk3iFFhBnD0h,Start > Facebook > NULL
00B3B0hkoiBfCkF7o7B09ffCC,Start > Youtube > NULL
00B3iEkf7FC09h30h7iknf3iB,Start > Youtube > NULL
00B709h07iEfFA7iF0fAo9nFB,Start > Facebook > NULL
00B7AF9nCnFnihAFABDfDfFC3,Start > Instagram > NULL
00B7BBiiF00A0Fi0oDh0Chii9,Start > Facebook > Youtube > NULL
00B7CDDED0A0Cnk39ofAn09kD,Start > Youtube > NULL
00B7EC7C9khA3hB3o7F9h3AFB,Start > Youtube > NULL
00B7fFhfnnAhkCoE0DAf9nDoA,Start > Instagram > NULL
00B7nBofiDBF03kFEBnkhEDoo,Start > Facebook > Youtube > Conversion
00B97nhAEB079iB9hoECF7iAB,Start > Youtube > NULL
00B9AAkBnC03oihnoEnCC90Cn,Start > Youtube > NULL
00B9BAEfk0ffnAFfC0Bn03nok,Start > Youtube > Facebook > NULL
00B9FDfiE0f973iA3EA9o3FFi,Start > Youtube > NULL
00B9iDEhEni3DEi0D3foD3oAk,Start > Youtube > NULL
00BA0oADi7EC7EAFFBBhFAnhk,Start > Youtube > Conversion
00BA3kABAFFF3Bi3i3Aoh7k7f,Start > Youtube > NULL
00BA9F9konifhFnhDf70k0iE3,Start > Facebook > NULL
00BADi9fFACookAEAE0o0kC39,Start > Facebook > NULL
00BAhkDBB090nAEEfCfCAhEih,Start > Youtube > Instagram > NULL
00BB7D9AE3oof9oBFA9Ah0kBE,Start > Facebook > NULL
00BB93CAEFiAE7koDFA0DFD9i,Start > Youtube > Conversion
00BC3nDikB00iAo07hBB9Dk9k,Start > Facebook > NULL
00BC7777BBBE77BBCBkD930Ek,Start > Facebook > NULL
00BC7kCfADhBfCf7BioAfFDfi,Start > Facebook > Instagram > Youtube > Conversion
00BCC0Co9fk3ni0CC09AE3i3E,Start > Facebook > Instagram > Conversion
00BCfAD3EiAfFFEnhoCBnn3ff,Start > Youtube > NULL
00BCiBnhfk7A7AC03A9kEC0f9,Start > Youtube > Facebook > NULL
00BDDFkhfBfBfhoC0FDnC0n0f,Start > Facebook > NULL
00BDECFnoonoh099oo0CfB0hn,Start > Instagram > NULL
00BDFi9hi3CnfhFni9nCCnhEf,Start > Youtube > NULL
00BEC33FAhoFBAfBAFE7hfkiE,Start > Youtube > NULL
00BEhnAn33E0CC37ifEE9Fi9C,Start > Facebook > NULL
00BEkf90EDo30FEohCh937iB3,Start > Youtube > Conversion
00BEo00h9ABDDAFEE9F7knEho,Start > Youtube > Conversion
00BF0E037n9foCCDEoEhifA30,Start > Youtube > Conversion
00BFEhDh3n9FBifhfh3ACCEDA,Start > Youtube > NULL
00BFfE90EkEEf073CAfBkfDoF,Start > Facebook > Youtube > Conversion
00Bf0BoEiBEkn3i0oEC0Dik9E,Start > Facebook > Conversion
00BfC0fEhCCiAFAA9AkDC3F90,Start > Facebook > NULL
00BfDCFFnik7nBiE9ADfFiAo9,Start > Instagram > NULL
00Bff0D9hiF3DkBEFfCnCFE30,Start > Instagram > Facebook > Conversion
00Bfn30fB7ofC77hEBFhD7o99,Start > Instagram > NULL
00Bfo7iFkfCi3k30f7EkAffAA,Start > Youtube > Conversion
00BfohEkD077AoBB7FACBfDE3,Start > Facebook > NULL
00Bh9kkn9DAonk90BC97hkDn3,Start > Facebook > Youtube > NULL
00BhnB3fiD7AnkE3i9ioBko0f,Start > Youtube > NULL
00Bi900nACknBFhhh3FhADB90,Start > Instagram > Facebook > Conversion
00BiFCFDfnn9BhoE9hnkDEoFE,Start > Youtube > NULL
00Bin0fiEDi7CF70Cnh7hofhA,Start > Youtube > NULL
00Bk3BBoEBnkD77nB9Doh0FAf,Start > Youtube > Conversion
00BkD03C3CBih07h0DFiBi3kB,Start > Youtube > NULL
00BkDkhAiChoiA7fDnEf3in7n,Start > Youtube > Conversion
00BnC07kkhA33nAnfFkDfE0k3,Start > Facebook > Instagram > NULL
00BnCDnDB3n79oh70AfhkDonC,Start > Youtube > Facebook > NULL
00BniF3BofCAkDn3i0AAE7fh0,Start > Youtube > Conversion
00Bo3o3oAo379FhoBEAkDFAEi,Start > Facebook > NULL
00BoB7CEDFCConffAiAf77Fkh,Start > Facebook > Conversion
00BoEoFE3ni09kfk3fAB3iAf9,Start > Youtube > NULL
00BoFF7EFBkDC33F0k793fk3D,Start > Youtube > NULL
00Boh9oDFCnE7DDhkA3fFoBCA,Start > Instagram > Conversion
00BoiEf30nC3hCAhB9iof9fC3,Start > Youtube > NULL
00BooE7DikDiC7nEo0iA339En,Start > Facebook > Youtube > Instagram > Conversion
00C0Dn9fEA3kD0AA3Bf9A7fiF,Start > Facebook > NULL
00C0iBCiFniECFFEFnB7h90FC,Start > Youtube > NULL
00C0o7oo7kDE0Do0fFnEf9BC9,Start > Facebook > Conversion
00C37fi97oF7Ck733Eonif39h,Start > Youtube > Facebook > Conversion
00C3CoD9C3nhnEE3fi7Ah9nAf,Start > Facebook > NULL
00C3F7Dh97knCB97Ao7nAE3Dh,Start > Facebook > Conversion
00C3oC3BfC3nA3iAn37B3DkoE,Start > Youtube > Facebook > Conversion
00C7337f9kkCACEoF009A7FBo,Start > Youtube > NULL
00C7DAhEoAhkD3EDikDfBfo0E,Start > Facebook > Youtube > NULL
00C7h7nAhhhAhEBkf0h0nnC9h,Start > Facebook > Conversion
00C7h9n73B0A7nE7FF73337i0,Start > Youtube > Conversion
00C93B9AkF33D97EkfEEDBo7h,Start > Youtube > NULL
00C997fkCD7Fi390FfAEoDf97,Start > Instagram > Youtube > Conversion
00C9BEkFiFFnkhBiCkD9i90BD,Start > Facebook > Conversion
00C9hkEi9kCkB70hhCf9FkE3C,Start > Youtube > NULL
00C9i0BE93nkF3k3EE33Dhi9f,Start > Youtube > Conversion
00C9if39F3hnCo7AoC7n7FhEE,Start > Instagram > NULL
00C9k9ffiC3ik7Bfo00AAF7Ai,Start > Youtube > NULL
00C9kh93of00393hC7hCfhf7B,Start > Youtube > NULL
00CAE0Ch07En7FioCin99hh7E,Start > Youtube > Conversion
00CAEAk7oho3iDifiB0970BiE,Start > Instagram > NULL
00CAfE3F3DnEkhEA9EED0knoD,Start > Facebook > NULL
00CAh3FBCoA3B07ifnknk3B0i,Start > Facebook > Instagram > Conversion
00CB3nfEhEh3oFkAFo0o9FfBi,Start > Facebook > NULL
00CBBA7ooniAh7ABB3EEkkAi7,Start > Youtube > Instagram > Conversion
00CBFF00hFDiC3AC3nE0no0n7,Start > Youtube > Facebook > Conversion
00CBFho33D7ffBBB3hkhBi99k,Start > Youtube > NULL
00CCD3n73E0k7nnCkFhCoA0k7,Start > Youtube > NULL
00CCF9799fEECEiFABDAohfon,Start > Facebook > NULL
00CCFFDD7ko3Co3E33ACA097D,Start > Youtube > Facebook > Conversion
00CCf0FFoF7fEAB7fnAABoDoh,Start > Facebook > Instagram > NULL
00CCfF7h7k0fEEEi73fBBhD9B,Start > Youtube > NULL
00CDC7nkho0CACoB9in3En9Ff,Start > Youtube > Conversion
00CDCi773CCo90oBCED7fh7h0,Start > Youtube > NULL
00CEAAfB3AnhfEkf0BiA0oDEC,Start > Youtube > NULL
00CEihEnfkihB77ooB79F9okF,Start > Instagram > Facebook > Conversion
00CF7FhBhfokkfFCf3fAB07Fo,Start > Facebook > NULL
00CFAEfCAo9Cn7iAEf3FfoC7A,Start > Youtube > Conversion
00CFFBA7D9oChADBofD7FFo7B,Start > Youtube > Conversion
00CFFE0n9Di039h007EE7o0Ck,Start > Youtube > NULL
00CFhDAEAFkf0Ah73AD77C0no,Start > Facebook > Conversion
00CfnChoiAD0Co7EiffD9hh0o,Start > Youtube > NULL
00ChA0o97of7Eio3fAkAiDFfo,Start > Instagram > NULL
00ChAf9kkhD9hDDCAoDDnFhC9,Start > Facebook > NULL
00ChEk7Eko07EBkF0EkifA7ED,Start > Instagram > Conversion
00ChnB3DD0fBoCCAD90C9DF0B,Start > Youtube > Conversion
00ChoF3C0hhhoC3ooif0i0ioE,Start > Youtube > Facebook > NULL
00CiBB03k77nhAEFikkoFBDhB,Start > Facebook > Conversion
00CiDBBAEFBAoB3okChDDn7nE,Start > Youtube > Conversion
00Cin9C9ACAEDA77BfFhEFFFn,Start > Facebook > NULL
00CkCf3noAFi9fo0D7kFiBDFn,Start > Instagram > Facebook > Conversion
00CkD7AoF3n3niEFEECkhDCC9,Start > Youtube > Conversion
00CkDf79F3kBF703BACAi9Dni,Start > Youtube > NULL
00CkECiDokCEfFhBh7iChk7F3,Start > Facebook > Conversion
00CkFD3f0oAC3A3hEA7k339k9,Start > Youtube > Instagram > Conversion
00Ckfo7C0ok3B3A7nE0F0i0o3,Start > Instagram > NULL
00Cn0FD0ff00oEDkABA99n9oo,Start > Facebook > NULL
00Cn9nC9E3D0FhAD0oDCCk90k,Start > Facebook > Instagram > Conversion
00CnBfh0EFnfFAn3nFhkDFAB7,Start > Instagram > Facebook > Conversion
00CnF0k33hfCnh90FFCCCfkno,Start > Facebook > NULL
00CnhBEkBF0EBi7EfBB9n09n0,Start > Facebook > NULL
00Cno7FACE7EkiADBnDC30EBB,Start > Youtube > NULL
00Co73E37ki3BDDE9ABoiBhhD,Start > Facebook > Conversion
00CoEDB9ihFD7iFF3DEEfonFE,Start > Youtube > NULL
00CohkFo3AofCADA9AFDEhEA3,Start > Youtube > Facebook > Conversion
00Cohn00okoknC9ABDBh3fDDA,Start > Youtube > Instagram > Conversion
00CokEoii3DDhB9hBiC9iAioA,Start > Youtube > NULL
00Coo3hBf93C9DC3DD0fhCfk7,Start > Facebook > NULL
00D09D03oFECD790i9hnB039F,Start > Facebook > Conversion
00D0CfBfn7o0AEE9k773CnFhA,Start > Facebook > Youtube > Conversion
00D337BDFff0DEAkDkE0EDoiF,Start > Facebook > Conversion
00D3hhhk30Dhi3iknfFf0fnnf,Start > Youtube > NULL
00D73BhofF0C9EnFDi00B7ko3,Start > Facebook > NULL
00D7C0CF9AnfAF7k77CBiih30,Start > Facebook > Instagram > NULL
00D7Fo0Ckk9nFDo0Fnh9D9oiC,Start > Youtube > NULL
00D99EiCiB3i9n0EC3oFAABC3,Start > Youtube > Conversion
00D9BkkDofE0B7AAnkii033kf,Start > Youtube > Conversion
00DA3ffC9DADE7A379FEknCA9,Start > Facebook > Instagram > Conversion
00DA9A90nFE0kE7iCk3fDiof0,Start > Youtube > NULL
00DAAiDfB7nfoi7AB70FEiiFk,Start > Facebook > Conversion
00DAFoh09373CAFD9fiB9k7Fi,Start > Youtube > NULL
00DB0B9h77o9ofkBiFEAABBnA,Start > Facebook > NULL
00DB3kA79n9EFk7koh7F009kE,Start > Youtube > Instagram > Conversion
00DBACC3C0i0n0A90A7hF3o37,Start > Instagram > Youtube > Facebook > Conversion
00DBEF7BknoAhfD9AhFff39k3,Start > Youtube > NULL
